best_epoch,training mae loss,validation mae loss,training time,validation time
58,61.14727234754837,"tensor(27.7660, dtype=torch.float64)",0:01:11,0:00:00
64,58.039935617047,"tensor(27.3298, dtype=torch.float64)",0:01:11,0:00:00
71,51.50469220244851,"tensor(27.2229, dtype=torch.float64)",0:01:11,0:00:00
127,28.092617064517242,"tensor(24.8294, dtype=torch.float64)",3:52:48,0:00:04
136,28.08162234118199,"tensor(23.6580, dtype=torch.float64)",0:00:10,0:00:00
139,26.980444366202835,"tensor(23.2486, dtype=torch.float64)",0:00:10,0:00:00
